{"logloss": 0.36764942249457727, "accuracy": 0.8409475198432492, "auc": 0.952705610754601}