{"logloss": 0.5144264384306688, "accuracy": 0.7754180051764199, "auc": 0.9141471069800979}