{"logloss": 0.2698357539013669, "accuracy": 0.89515227183311, "auc": 0.9781961350275269}