{
    "mlogloss": 0.478692,
    "accuracy": 0.7745557103279802,
    "threshold": 0.4562
}