{
    "mlogloss": 0.464935,
    "accuracy": 0.8049786569199481,
    "threshold": 0.4205
}