{
    "mlogloss": 0.307409,
    "accuracy": 0.8828929282911087,
    "threshold": 0.4263
}