{
    "mlogloss": 0.607531,
    "accuracy": 0.7089891548917919,
    "threshold": 0.419
}