{"logloss": 0.43938310249727824, "accuracy": 0.8177162491046117, "auc": 0.9416518295956712}